1.1,SL.K.1
1.1,SL.K.2
1.1,SL.K.5
1.1,L.K.6
1.1,SL.1.1
1.1,SL.1.2
1.1,SL.1.5
1.1,L.1.6
1.1,SL.2.1
1.1,SL.2.2
1.1,SL.2.5
1.1,L.2.6
1.2,SL.K.1
1.2,SL.K.2
1.2,L.K.6
1.2,SL.1.1
1.2,SL.1.2
1.2,L.1.6
1.2,SL.2.1
1.2,SL.2.2
1.2,L.2.6
1.3,SL.K.1
1.3,L.K.6
1.3,SL.1.1
1.3,L.1.6
1.3,SL.2.1
1.3,L.2.6
1.4,SL.K.1
1.4,L.K.6
1.4,SL.1.1
1.4,L.1.6
1.4,SL.2.1
1.4,L.2.6
1.5,SL.K.1
1.5,L.K.6
1.5,SL.1.1
1.5,L.1.6
1.5,SL.2.1
1.5,L.2.6
1.6,SL.K.1
1.6,SL.K.2
1.6,SL.K.5
1.6,L.K.6
1.6,SL.1.1
1.6,SL.1.2
1.6,SL.1.5
1.6,L.1.6
1.6,SL.2.1
1.6,SL.2.2
1.6,L.2.6
1.7,SL.K.1
1.7,SL.K.5
1.7,L.K.6
1.7,SL.1.1
1.7,SL.1.5
1.7,L.1.6
1.7,SL.2.1
1.7,L.2.6
1.8,SL.K.1
1.8,SL.K.5
1.8,L.K.6
1.8,SL.1.1
1.8,SL.1.5
1.8,L.1.6
1.8,SL.2.1
1.8,L.2.6
1.9,SL.K.1
1.9,SL.K.2
1.9,SL.K.5
1.9,L.K.6
1.9,SL.1.1
1.9,SL.1.2
1.9,SL.1.5
1.9,L.1.6
1.9,SL.2.1
1.9,SL.2.2
1.9,L.2.6
1.10,SL.K.1
1.10,SL.K.5
1.10,L.K.6
1.10,SL.1.1
1.10,SL.1.5
1.10,L.1.6
1.10,SL.2.1
1.10,L.2.6
1.11,SL.K.1
1.11,L.K.6
1.11,RF.K.1.B
1.11,SL.1.1
1.11,L.1.6
1.11,RF.1.3.B
1.11,SL.2.1
1.11,L.2.6
1.12,SL.K.1
1.12,SL.K.2
1.12,L.K.6
1.12,SL.1.1
1.12,SL.1.2
1.12,L.1.6
1.12,SL.2.1
1.12,SL.2.2
1.12,L.2.6
1.13,SL.K.1
1.13,L.K.6
1.13,SL.1.1
1.13,L.1.6
1.13,SL.2.1
1.13,L.2.6
1.14,SL.K.1
1.14,L.K.6
1.14,SL.1.1
1.14,L.1.6
1.14,SL.2.1
1.14,L.2.6
1.15,SL.K.1
1.15,SL.K.2
1.15,L.K.6
1.15,SL.1.1
1.15,SL.1.2
1.15,L.1.6
1.15,SL.2.1
1.15,SL.2.2
1.15,L.2.6
1.16,SL.K.1
1.16,SL.K.5
1.16,L.K.6
1.16,W.K.3
1.16,W.K.6
1.16,SL.1.1
1.16,SL.1.5
1.16,L.1.6
1.16,W.1.6
1.16,SL.2.1
1.16,SL.2.5
1.16,L.2.6
1.16,W.2.3
1.17,SL.K.1
1.17,SL.K.2
1.17,L.K.6
1.17,SL.1.1
1.17,SL.1.2
1.17,L.1.6
1.17,SL.2.1
1.17,SL.2.2
1.17,L.2.6
1.18,SL.1.1
1.18,L.1.6
1.18,SL.2.1
1.18,L.2.6
1.18,SL.3.1
1.18,L.3.6
2.1,SL.1.1
2.1,SL.1.2
2.1,L.1.6
2.1,SL.2.1
2.1,SL.2.2
2.1,L.2.6
2.1,SL.3.1
2.1,SL.3.3
2.1,L.3.6
2.2,SL.1.1
2.2,SL.1.2
2.2,L.1.6
2.2,SL.2.1
2.2,SL.2.2
2.2,L.2.6
2.2,SL.3.1
2.2,SL.3.3
2.2,L.3.6
2.3,SL.1.1
2.3,L.1.6
2.3,SL.2.1
2.3,L.2.6
2.3,SL.3.1
2.3,L.3.6
2.4,SL.1.1
2.4,L.1.5
2.4,L.1.6
2.4,SL.2.1
2.4,L.2.6
2.4,SL.3.1
2.4,L.3.6
2.5,SL.1.1
2.5,SL.1.2
2.5,L.1.6
2.5,SL.2.1
2.5,SL.2.2
2.5,L.2.6
2.5,SL.3.1
2.5,SL.3.3
2.5,L.3.6
2.6,SL.1.1
2.6,L.1.6
2.6,SL.2.1
2.6,L.2.6
2.6,SL.3.1
2.6,L.3.6
2.7,SL.1.1
2.7,L.1.6
2.7,SL.2.1
2.7,L.2.6
2.7,SL.3.1
2.7,L.3.6
2.8,SL.1.1
2.8,L.1.6
2.8,SL.2.1
2.8,L.2.6
2.8,SL.3.1
2.8,L.3.6
2.9,SL.1.1
2.9,SL.1.2
2.9,L.1.6
2.9,SL.2.1
2.9,SL.2.2
2.9,L.2.6
2.9,SL.3.1
2.9,SL.3.3
2.9,L.3.6
2.10,SL.1.1
2.10,L.1.6
2.10,SL.2.1
2.10,L.2.6
2.10,SL.3.1
2.10,L.3.6
2.11,SL.1.1
2.11,L.1.6
2.11,SL.2.1
2.11,L.2.6
2.11,SL.3.1
2.11,L.3.6
2.12,SL.1.1
2.12,SL.1.2
2.12,L.1.6
2.12,SL.2.1
2.12,SL.2.2
2.12,L.2.6
2.12,SL.3.1
2.12,SL.3.3
2.12,L.3.6
2.13,SL.1.1
2.13,L.1.6
2.13,SL.2.1
2.13,L.2.6
2.13,SL.3.1
2.13,L.3.6
2.14,SL.1.1
2.14,SL.1.2
2.14,L.1.6
2.14,SL.2.1
2.14,SL.2.2
2.14,L.2.6
2.14,SL.3.1
2.14,SL.3.3
2.14,L.3.6
2.15,SL.1.1
2.15,SL.1.2
2.15,L.1.6
2.15,SL.2.1
2.15,SL.2.2
2.15,L.2.6
2.15,SL.3.1
2.15,SL.3.3
2.15,L.3.6
2.16,SL.1.1
2.16,SL.1.2
2.16,L.1.6
2.16,SL.2.1
2.16,SL.2.2
2.16,L.2.6
2.16,SL.3.1
2.16,SL.3.3
2.16,L.3.6
2.17,SL.1.1
2.17,SL.1.5
2.17,L.1.6
2.17,SL.2.1
2.17,SL.2.5
2.17,L.2.6
2.17,W.2.6
2.17,SL.3.1
2.17,L.3.6
2.17,W.3.3
2.17,W.3.6
2.18,SL.1.1
2.18,SL.1.2
2.18,L.1.6
2.18,SL.2.1
2.18,SL.2.2
2.18,L.2.6
2.18,SL.3.1
2.18,SL.3.3
2.18,L.3.6
2.19,L.3.6
2.19,L.4.6
2.19,L.5.6
3.1,SL.3.1
3.1,SL.3.3
3.1,L.3.6
3.1,SL.4.1
3.1,L.4.6
3.1,SL.5.1
3.1,L.5.6
3.2,L.3.6
3.2,L.4.6
3.2,L.5.6
3.3,L.3.6
3.3,L.4.6
3.3,L.5.6
3.4,SL.3.1
3.4,SL.3.3
3.4,L.3.6
3.4,SL.4.1
3.4,L.4.6
3.4,SL.5.1
3.4,L.5.6
3.5,L.3.6
3.5,L.4.6
3.5,L.5.6
3.6,L.3.6
3.6,L.4.6
3.6,L.5.6
3.7,L.3.6
3.7,L.4.6
3.7,L.5.6
3.8,L.3.6
3.8,L.4.6
3.8,L.5.6
3.9,SL.3.1
3.9,SL.3.3
3.9,L.3.6
3.9,SL.4.1
3.9,L.4.6
3.9,SL.5.1
3.9,L.5.6
3.10,SL.3.1
3.10,SL.3.3
3.10,L.3.6
3.10,SL.4.1
3.10,L.4.6
3.10,SL.5.1
3.10,L.5.6
3.11,L.3.6
3.11,L.4.6
3.11,L.5.6
3.12,L.3.6
3.12,L.4.6
3.12,L.5.6
3.13,L.3.6
3.13,L.4.6
3.13,L.5.6
3.14,L.3.6
3.14,L.4.6
3.14,L.5.6
3.15,L.3.6
3.15,L.4.6
3.15,L.5.6
3.16,L.3.6
3.16,W.3.3
3.16,W.3.6
3.16,L.4.6
3.16,W.4.3
3.16,W.4.6
3.16,L.5.6
3.16,W.5.3
3.16,W.5.6
3.17,L.3.6
3.17,W.3.3
3.17,W.3.6
3.17,L.4.6
3.17,W.4.3
3.17,W.4.6
3.17,L.5.6
3.17,W.5.3
3.17,W.5.6
3.18,SL.3.1
3.18,SL.3.3
3.18,L.3.6
3.18,SL.4.1
3.18,L.4.6
3.18,SL.5.1
3.18,L.5.6
3.19,SL.3.1
3.19,SL.3.3
3.19,L.3.6
3.19,SL.4.1
3.19,L.4.6
3.19,SL.5.1
3.19,L.5.6
3.20,SL.3.1
3.20,SL.3.3
3.20,L.3.6
3.20,SL.4.1
3.20,L.4.6
3.20,SL.5.1
3.20,L.5.6
3.21,L.3.6
3.21,L.4.6
3.21,L.5.6
4.1,CCLA-K:SL.2
4.1,CCLA-1:SL.2
4.2,L.3.6
4.2,L.4.6
4.2,L.5.6
4.3,L.3.6
4.3,L.4.6
4.3,L.5.6
4.4,CCLA-K:SL.2
4.4,CCLA-1:SL.2
4.5,CCLA-K:SL.2
4.5,CCLA-1:SL.2
4.6,L.3.6
4.6,L.4.6
4.6,L.5.6
4.7,L.3.6
4.7,W.3.3
4.7,W.3.6
4.7,L.4.6
4.7,W.4.3
4.7,W.4.6
4.7,L.5.6
4.7,W.5.3
4.7,W.5.6
4.9,L.3.6
4.9,L.4.6
4.9,L.5.6
4.10,L.3.6
4.10,L.4.6
4.10,L.5.6
4.11,L.3.6
4.11,W.3.3
4.11,W.3.6
4.11,L.4.6
4.11,W.4.3
4.11,W.4.6
4.11,L.5.6
4.11,W.5.3
4.11,W.5.6
4.12,L.3.6
4.12,L.4.6
4.12,L.5.6
4.13,SL.2.1.B
4.13,SL.2.1.C
4.13,SL.2.2
4.13,SL.2.3
4.13,RI.2.4
4.13,SL.3.1.C
4.13,SL.3.1.D
4.13,SL.3.3
4.13,RI.3.1
4.13,L.3.6
4.14,L.3.6
4.14,L.4.6
4.14,L.5.6
4.15,L.3.6
4.15,L.4.6
4.15,L.5.6
4.16,L.3.6
4.16,L.4.6
4.16,L.5.6
4.17,CCLA-K:SL.2
4.17,CCLA-1:SL.2
4.18,L.3.6
4.18,L.4.6
4.18,L.5.6